,fit_time,score_time,test_score,train_score
0,275.2428488731384,0.07962226867675781,-21293.74126140555,-1.3651914813410573e-16
1,958.698545217514,0.16687536239624023,-12023.632912402143,-7.825434215188177e-17
2,210.8298933506012,0.17801284790039062,-28942.869478636,-1.2991572998436582e-16
3,209.44483590126038,0.21360564231872559,-32200.385236523234,-1.558350068745244e-16
4,148.37396454811096,0.15225458145141602,-7266.695083354109,-5.093213226918349e-17
