,fit_time,score_time,test_score,train_score
0,9390.09290933609,0.0051746368408203125,-0.0004981821537768121,-4.677831120734378e-16
1,9503.685021877289,0.004848957061767578,-0.0005580843631028359,-6.093635128752361e-16
2,8105.157593727112,0.008337020874023438,-0.0004645418064433859,-5.851753990702711e-16
3,8334.967552661896,0.0058519840240478516,-0.00047114127400909255,-5.345046191294191e-16
4,9061.185196638107,0.0054950714111328125,-0.0005166173954599932,-4.2825705029516396e-16
