,fit_time,score_time,test_score,train_score
0,0.0156862735748291,0.0010406970977783203,0.8090891685125187,0.8175330600087098
1,0.024048566818237305,0.0010311603546142578,0.7918119571960271,0.8215595387246427
2,0.0599217414855957,0.001196146011352539,0.8116042450760175,0.8164607740706457
3,0.01887202262878418,0.0010404586791992188,0.8170086321311546,0.8156326366641247
4,0.014080047607421875,0.0010406970977783203,0.8302031918817504,0.8121382656693971
