,fit_time,score_time,test_score,train_score
0,3.193521738052368,0.08071160316467285,-0.17798969696390773,-1.8315428492098095e-21
1,38.18429470062256,0.020200729370117188,-0.0005580876311477152,-6.093084158335236e-16
2,3.7626307010650635,0.07760882377624512,-0.1867969696969697,-1.809524407863789e-21
3,3.2163212299346924,0.10674929618835449,-0.1817248484848485,-1.8222050990670884e-21
4,3.187190294265747,0.08815956115722656,-0.18156545454545456,-1.8226033916773564e-21
