,fit_time,score_time,test_score,train_score
0,9431.313738822937,0.007120847702026367,0.983459423687871,1.0
1,10453.48005247116,0.005903005599975586,0.9832561839998701,1.0
2,9590.075712442398,0.008656978607177734,0.9880005104211598,1.0
3,10675.993506908417,0.005482196807861328,0.9819371323349153,1.0
4,10942.619851827621,0.004060506820678711,0.9876208348780464,1.0
