,fit_time,score_time,test_score,train_score
0,11336.861028909683,0.006734609603881836,0.9834594156323561,1.0
1,11611.73679280281,0.004705905914306641,0.9832561540593819,1.0
2,11397.258909702301,0.005975961685180664,0.9880005201090752,1.0
3,11363.30580663681,0.006232738494873047,0.9819369985282289,1.0
4,10399.253096342087,0.007721662521362305,0.9876208371376423,1.0
