,fit_time,score_time,test_score,train_score
0,28016.37288737297,0.06897807121276855,-256.6094382271108,-1.991491207435124e-18
1,27191.86956691742,0.08468174934387207,-248.72395155527946,-1.9793849683892778e-18
2,27497.05011844635,0.07944416999816895,-241.28757560355518,-2.075073387885271e-18
3,26417.554208040237,0.11516237258911133,-270.76555314774055,-1.988892054109697e-18
4,26982.585448026657,0.10053658485412598,-246.40468510800326,-2.0398171790334318e-18
